-- phpMyAdmin SQL Dump
-- version 5.2.1
-- https://www.phpmyadmin.net/
--
-- Servidor: localhost:3307
-- Tiempo de generación: 25-07-2023 a las 09:11:08
-- Versión del servidor: 8.0.30
-- Versión de PHP: 8.1.10

SET SQL_MODE = "NO_AUTO_VALUE_ON_ZERO";
START TRANSACTION;
SET time_zone = "+00:00";


/*!40101 SET @OLD_CHARACTER_SET_CLIENT=@@CHARACTER_SET_CLIENT */;
/*!40101 SET @OLD_CHARACTER_SET_RESULTS=@@CHARACTER_SET_RESULTS */;
/*!40101 SET @OLD_COLLATION_CONNECTION=@@COLLATION_CONNECTION */;
/*!40101 SET NAMES utf8mb4 */;

--
-- Base de datos: `db_ejercicio`
--

-- --------------------------------------------------------

--
-- Estructura de tabla para la tabla `regiones`
--

CREATE TABLE `regiones` (
  `idRegion` int NOT NULL,
  `reNombre` varchar(200) CHARACTER SET utf8mb4 COLLATE utf8mb4_spanish_ci NOT NULL
) ENGINE=InnoDB DEFAULT CHARSET=utf8mb4 COLLATE=utf8mb4_spanish_ci;

--
-- Volcado de datos para la tabla `regiones`
--

INSERT INTO `regiones` (`idRegion`, `reNombre`) VALUES
(1, 'Arica y Parinacota'),
(2, 'Tarapaca'),
(3, 'Antofagasta'),
(4, 'Atacama'),
(5, 'Coquimbo'),
(6, 'Valparaiso'),
(7, 'Metropolitana de Santiago'),
(8, 'Libertador General Bernardo O\'Higgins'),
(9, 'Maule'),
(10, 'Ñuble'),
(11, 'Biobio'),
(12, 'La Araucania'),
(13, 'Los Rios'),
(14, 'Los Lagos'),
(15, 'Aysen del General Carlos Ibanez del Campo'),
(16, 'Magallanes y de la Antartica Chilena'),
(26, 'Ñuble'),
(27, 'Biobio'),
(28, 'La Araucania'),
(29, 'Los Rios'),
(30, 'Los Lagos'),
(31, 'Aysen del General Carlos Ibanez del Campo'),
(32, 'Magallanes y de la Antartica Chilena');

-- --------------------------------------------------------

--
-- Estructura de tabla para la tabla `comunas`
--

CREATE TABLE `comunas` (
  `idComunas` int NOT NULL,
  `comNombre` varchar(50) CHARACTER SET utf8mb4 COLLATE utf8mb4_spanish_ci NOT NULL,
  `idRegion` int NOT NULL
) ENGINE=InnoDB DEFAULT CHARSET=utf8mb4 COLLATE=utf8mb4_spanish_ci;

--
-- Volcado de datos para la tabla `comunas`
--

INSERT INTO `comunas` (`idComunas`, `comNombre`, `idRegion`) VALUES
(1, 'Arica', 1),
(2, 'Camarones', 1),
(3, 'General Lagos', 1),
(4, 'Putre', 1),
(5, 'Alto Hospicio', 2),
(6, 'Iquique', 2),
(7, 'Camiña', 2),
(8, 'Colchane', 2),
(9, 'Huara', 2),
(10, 'Pica', 2),
(11, 'Pozo Almonte', 2),
(12, 'Tocopilla', 3),
(13, 'María Elena', 3),
(14, 'Calama', 3),
(15, 'Ollague', 3),
(16, 'San Pedro de Atacama', 3),
(17, 'Antofagasta', 3),
(18, 'Mejillones', 3),
(19, 'Sierra Gorda', 3),
(20, 'Taltal', 3),
(21, 'Chañaral', 4),
(22, 'Diego de Almagro', 4),
(23, 'Copiapó', 4),
(24, 'Caldera', 4),
(25, 'Tierra Amarilla', 4),
(26, 'Vallenar', 4),
(27, 'Alto del Carmen', 4),
(28, 'Freirina', 4),
(29, 'Huasco', 4),
(30, 'La Serena', 5),
(31, 'Coquimbo', 5),
(32, 'Andacollo', 5),
(33, 'La Higuera', 5),
(34, 'Paihuano', 5),
(35, 'Vicuña', 5),
(36, 'Ovalle', 5),
(37, 'Combarbalá', 5),
(38, 'Monte Patria', 5),
(39, 'Punitaqui', 5),
(40, 'Río Hurtado', 5),
(41, 'Illapel', 5),
(42, 'Canela', 5),
(43, 'Los Vilos', 5),
(44, 'Salamanca', 5),
(45, 'La Ligua', 6),
(46, 'Cabildo', 6),
(47, 'Zapallar', 6),
(48, 'Papudo', 6),
(49, 'Petorca', 6),
(50, 'Los Andes', 6),
(51, 'San Esteban', 6),
(52, 'Calle Larga', 6),
(53, 'Rinconada', 6),
(54, 'San Felipe', 6),
(55, 'Llaillay', 6),
(56, 'Putaendo', 6),
(57, 'Santa María', 6),
(58, 'Catemu', 6),
(59, 'Panquehue', 6),
(60, 'Quillota', 6),
(61, 'La Cruz', 6),
(62, 'La Calera', 6),
(63, 'Nogales', 6),
(64, 'Hijuelas', 6),
(65, 'Valparaíso', 6),
(66, 'Viña del Mar', 6),
(67, 'Concón', 6),
(68, 'Quintero', 6),
(69, 'Puchuncaví', 6),
(70, 'Casablanca', 6),
(71, 'Juan Fernández', 6),
(72, 'San Antonio', 6),
(73, 'Cartagena', 6),
(74, 'El Tabo', 6),
(75, 'El Quisco', 6),
(76, 'Algarrobo', 6),
(77, 'Santo Domingo', 6),
(78, 'Isla de Pascua', 6),
(79, 'Quilpué', 6),
(80, 'Limache', 6),
(81, 'Olmué', 6),
(82, 'Villa Alemana', 6),
(83, 'Colina', 7),
(84, 'Lampa', 7),
(85, 'Tiltil', 7),
(86, 'Santiago', 7),
(87, 'Vitacura', 7),
(88, 'San Ramón', 7),
(89, 'San Miguel', 7),
(90, 'San Joaquín', 7),
(91, 'Renca', 7),
(92, 'Recoleta', 7),
(93, 'Quinta Normal', 7),
(94, 'Quilicura', 7),
(95, 'Pudahuel', 7),
(96, 'Providencia', 7),
(97, 'Peñalolén', 7),
(98, 'Pedro Aguirre Cerda', 7),
(99, 'Ñuñoa', 7),
(100, 'Maipú', 7),
(101, 'Macul', 7),
(102, 'Lo Prado', 7),
(103, 'Lo Espejo', 7),
(104, 'Lo Barnechea', 7),
(105, 'Las Condes', 7),
(106, 'La Reina', 7),
(107, 'La Pintana', 7),
(108, 'La Granja', 7),
(109, 'La Florida', 7),
(110, 'La Cisterna', 7),
(111, 'Independencia', 7),
(112, 'Huechuraba', 7),
(113, 'Estación Central', 7),
(114, 'El Bosque', 7),
(115, 'Conchalí', 7),
(116, 'Cerro Navia', 7),
(117, 'Cerrillos', 7),
(118, 'Puente Alto', 7),
(119, 'San José de Maipo', 7),
(120, 'Pirque', 7),
(121, 'San Bernardo', 7),
(122, 'Buin', 7),
(123, 'Paine', 7),
(124, 'Calera de Tango', 7),
(125, 'Melipilla', 7),
(126, 'Alhué', 7),
(127, 'Curacaví', 7),
(128, 'María Pinto', 7),
(129, 'San Pedro', 7),
(130, 'Isla de Maipo', 7),
(131, 'El Monte', 7),
(132, 'Padre Hurtado', 7),
(133, 'Peñaflor', 7),
(134, 'Talagante', 7),
(135, 'Codegua', 8),
(136, 'Coínco', 8),
(137, 'Coltauco', 8),
(138, 'Doñihue', 8),
(139, 'Graneros', 8),
(140, 'Las Cabras', 8),
(141, 'Machalí', 8),
(142, 'Malloa', 8),
(143, 'Mostazal', 8),
(144, 'Olivar', 8),
(145, 'Peumo', 8),
(146, 'Pichidegua', 8),
(147, 'Quinta de Tilcoco', 8),
(148, 'Rancagua', 8),
(149, 'Rengo', 8),
(150, 'Requínoa', 8),
(151, 'San Vicente de Tagua Tagua', 8),
(152, 'Chépica', 8),
(153, 'Chimbarongo', 8),
(154, 'Lolol', 8),
(155, 'Nancagua', 8),
(156, 'Palmilla', 8),
(157, 'Peralillo', 8),
(158, 'Placilla', 8),
(159, 'Pumanque', 8),
(160, 'San Fernando', 8),
(161, 'Santa Cruz', 8),
(162, 'La Estrella', 8),
(163, 'Litueche', 8),
(164, 'Marchigüe', 8),
(165, 'Navidad', 8),
(166, 'Paredones', 8),
(167, 'Pichilemu', 8),
(168, 'Curicó', 9),
(169, 'Hualañé', 9),
(170, 'Licantén', 9),
(171, 'Molina', 9),
(172, 'Rauco', 9),
(173, 'Romeral', 9),
(174, 'Sagrada Familia', 9),
(175, 'Teno', 9),
(176, 'Vichuquén', 9),
(177, 'Talca', 9),
(178, 'San Clemente', 9),
(179, 'Pelarco', 9),
(180, 'Pencahue', 9),
(181, 'Maule', 9),
(182, 'San Rafael', 9),
(183, 'Curepto', 9),
(184, 'Constitución', 9),
(185, 'Empedrado', 9),
(186, 'Río Claro', 9),
(187, 'Linares', 9),
(188, 'San Javier', 9),
(189, 'Parral', 9),
(190, 'Villa Alegre', 9),
(191, 'Longaví', 9),
(192, 'Colbún', 9),
(193, 'Retiro', 9),
(194, 'Yerbas Buenas', 9),
(195, 'Cauquenes', 9),
(196, 'Chanco', 9),
(197, 'Pelluhue', 9),
(198, 'Bulnes', 10),
(199, 'Chillán', 10),
(200, 'Chillán Viejo', 10),
(201, 'El Carmen', 10),
(202, 'Pemuco', 10),
(203, 'Pinto', 10),
(204, 'Quillón', 10),
(205, 'San Ignacio', 10),
(206, 'Yungay', 10),
(207, 'Cobquecura', 10),
(208, 'Coelemu', 10),
(209, 'Ninhue', 10),
(210, 'Portezuelo', 10),
(211, 'Quirihue', 10),
(212, 'Ránquil', 10),
(213, 'Treguaco', 10),
(214, 'San Carlos', 10),
(215, 'Coihueco', 10),
(216, 'San Nicolás', 10),
(217, 'Ñiquén', 10),
(218, 'San Fabián', 10),
(219, 'Alto Biobío', 11),
(220, 'Antuco', 11),
(221, 'Cabrero', 11),
(222, 'Laja', 11),
(223, 'Los Ángeles', 11),
(224, 'Mulchén', 11),
(225, 'Nacimiento', 11),
(226, 'Negrete', 11),
(227, 'Quilaco', 11),
(228, 'Quilleco', 11),
(229, 'San Rosendo', 11),
(230, 'Santa Bárbara', 11),
(231, 'Tucapel', 11),
(232, 'Yumbel', 11),
(233, 'Concepción', 11),
(234, 'Coronel', 11),
(235, 'Chiguayante', 11),
(236, 'Florida', 11),
(237, 'Hualpén', 11),
(238, 'Hualqui', 11),
(239, 'Lota', 11),
(240, 'Penco', 11),
(241, 'San Pedro de La Paz', 11),
(242, 'Santa Juana', 11),
(243, 'Talcahuano', 11),
(244, 'Tomé', 11),
(245, 'Arauco', 11),
(246, 'Cañete', 11),
(247, 'Contulmo', 11),
(248, 'Curanilahue', 11),
(249, 'Lebu', 11),
(250, 'Los Álamos', 11),
(251, 'Tirúa', 11),
(252, 'Angol', 11),
(253, 'Collipulli', 12),
(254, 'Curacautín', 12),
(255, 'Ercilla', 12),
(256, 'Lonquimay', 12),
(257, 'Los Sauces', 12),
(258, 'Lumaco', 12),
(259, 'Purén', 12),
(260, 'Renaico', 12),
(261, 'Traiguén', 12),
(262, 'Victoria', 12),
(263, 'Temuco', 12),
(264, 'Carahue', 12),
(265, 'Cholchol', 12),
(266, 'Cunco', 12),
(267, 'Curarrehue', 12),
(268, 'Freire', 12),
(269, 'Galvarino', 12),
(270, 'Gorbea', 12),
(271, 'Lautaro', 12),
(272, 'Loncoche', 12),
(273, 'Melipeuco', 12),
(274, 'Nueva Imperial', 12),
(275, 'Padre Las Casas', 12),
(276, 'Perquenco', 12),
(277, 'Pitrufquén', 12),
(278, 'Pucón', 12),
(279, 'Saavedra', 12),
(280, 'Teodoro Schmidt', 12),
(281, 'Toltén', 12),
(282, 'Vilcún', 12),
(283, 'Villarrica', 12),
(284, 'Valdivia', 13),
(285, 'Corral', 13),
(286, 'Lanco', 13),
(287, 'Los Lagos', 13),
(288, 'Máfil', 13),
(289, 'Mariquina', 13),
(290, 'Paillaco', 13),
(291, 'Panguipulli', 13),
(292, 'La Unión', 13),
(293, 'Futrono', 13),
(294, 'Lago Ranco', 13),
(295, 'Río Bueno', 13),
(297, 'Osorno', 14),
(298, 'Puerto Octay', 14),
(299, 'Purranque', 14),
(300, 'Puyehue', 14),
(301, 'Río Negro', 14),
(302, 'San Juan de la Costa', 14),
(303, 'San Pablo', 14),
(304, 'Calbuco', 14),
(305, 'Cochamó', 14),
(306, 'Fresia', 14),
(307, 'Frutillar', 14),
(308, 'Llanquihue', 14),
(309, 'Los Muermos', 14),
(310, 'Maullín', 14),
(311, 'Puerto Montt', 14),
(312, 'Puerto Varas', 14),
(313, 'Ancud', 14),
(314, 'Castro', 14),
(315, 'Chonchi', 14),
(316, 'Curaco de Vélez', 14),
(317, 'Dalcahue', 14),
(318, 'Puqueldón', 14),
(319, 'Queilén', 14),
(320, 'Quellón', 14),
(321, 'Quemchi', 14),
(322, 'Quinchao', 14),
(323, 'Chaitén', 14),
(324, 'Futaleufú', 14),
(325, 'Hualaihué', 14),
(326, 'Palena', 14),
(327, 'Lago Verde', 15),
(328, 'Coihaique', 15),
(329, 'Aysén', 15),
(330, 'Cisnes', 15),
(331, 'Guaitecas', 15),
(332, 'Río Ibáñez', 15),
(333, 'Chile Chico', 15),
(334, 'Cochrane', 15),
(335, 'O\'Higgins', 15),
(336, 'Tortel', 15),
(337, 'Natales', 16),
(338, 'Torres del Paine', 16),
(339, 'Laguna Blanca', 16),
(340, 'Punta Arenas', 16),
(341, 'Río Verde', 16),
(342, 'San Gregorio', 16),
(343, 'Porvenir', 16),
(344, 'Primavera', 16),
(345, 'Timaukel', 16),
(346, 'Cabo de Hornos', 16),
(347, 'Antártica', 16);
-----------------------------------------------------------
--
-- Estructura de tabla para la tabla `candidato`
--

CREATE TABLE `candidato` (
  `idCandidato` int NOT NULL,
  `nomCandidato` varchar(250) CHARACTER SET utf8mb4 COLLATE utf8mb4_spanish_ci NOT NULL,
  `idComuna` int NOT NULL
) ENGINE=InnoDB DEFAULT CHARSET=utf8mb4 COLLATE=utf8mb4_spanish_ci;

--
-- Volcado de datos para la tabla `candidato`
--

INSERT INTO `candidato` (`idCandidato`, `nomCandidato`, `idComuna`) VALUES
(1, 'Antonio Vergara', 1),
(2, 'Felipe Daniel', 2),
(3, 'Mariano Fernandez', 3),
(4, 'Nicolás Castillo', 4),
(5, 'Nicolás Isabella', 5),
(6, 'Agustín Javier', 6),
(7, 'Javier Victoria', 7),
(8, 'Ian Pia', 8),
(9, 'Dylan Carolina', 9),
(10, 'Oscar Camila', 10),
(11, 'Carlos Alonsos', 11),
(12, 'Luis Maximo', 12),
(13, 'Alexis Matias', 13),
(14, 'Diego Bravo', 14),
(15, 'Diego Vasquez', 15),
(16, 'Francisco Atlas', 16),
(17, 'Diego Alexandra', 17),
(18, 'Amaro Nicolas', 18),
(19, 'Isaias Paula', 19),
(20, 'Martín Isabella', 20),
(21, 'Alexis Tapia', 21),
(22, 'Oscar Garcia', 22),
(23, 'Liam Miranda', 23),
(24, 'Javier Barbara', 24),
(25, 'Martín Rivera', 25),
(26, 'Benjamín Paula', 26),
(27, 'Gaspar Diem', 27),
(28, 'Amaro Castro', 28),
(29, 'Agustín Pascal', 29),
(30, 'Gabriel Diego', 30),
(31, 'Ian Jara', 31),
(32, 'Clemente Paula', 32),
(33, 'Rodrigo Sanchez', 33),
(34, 'Isaac Zuniga', 34),
(35, 'Leonardo Rodriguez', 35),
(36, 'Ricardo Lopez', 36),
(37, 'Juan Cortes', 37),
(38, 'Angel Sebastian', 38),
(39, 'Luis Maximo', 39),
(40, 'Álvaro Miranda', 40),
(41, 'Renato Gomez', 41),
(42, 'Alexander Rojas', 42),
(43, 'Lucas Carolina', 43),
(44, 'Diego Valenzuela', 44),
(45, 'Luciano Contreras', 45),
(46, 'Alexis Contreras', 46),
(47, 'Matías Diem', 47),
(48, 'Sebastián Testudines', 48),
(49, 'Matías Diem', 49),
(50, 'Kevin Cristobal', 50),
(51, 'Cristóbal Francisco', 51),
(52, 'Renato Vicente', 52),
(53, 'Angel Luis', 53),
(54, 'Álvaro Joaquin', 54),
(55, 'Luis Florencia', 55),
(56, 'Rodrigo Figueroa', 56),
(57, 'Máximo Azizi', 57),
(58, 'Dylan Carrasco', 58),
(59, 'Mariano Rivera', 59),
(60, 'Aaron Nicolas', 60),
(61, 'Franco Maximiliano', 61),
(62, 'Arturo Testudines', 62),
(63, 'Sergio Atlas', 63),
(64, 'Vicente Martinez', 64),
(65, 'Alex Augustin', 65),
(66, 'Samuel Zuniga', 66),
(67, 'Emilio Gabriela', 67),
(68, 'Carlos Francisco', 68),
(69, 'Andrés Matilde', 69),
(70, 'Cristóbal Sofia', 70),
(71, 'Emiliano Martin', 71),
(72, 'Kevin Bentlee', 72),
(73, 'Víctor Alonsos', 73),
(74, 'Martín Reyes', 74),
(75, 'Cristóbal Gabriela', 75),
(76, 'Rodrigo Diem', 76),
(77, 'Pablo Sebastian', 77),
(78, 'Santiago Matilde', 78),
(79, 'Martín Fernandez', 79),
(80, 'Héctor Mateo', 80),
(81, 'Miguel Rojas', 81),
(82, 'Sergio Diem', 82),
(83, 'Cristian Victoria', 83),
(84, 'Jean Daniel', 84),
(85, 'Tomás Alvarez', 85),
(86, 'Isaias Herrera', 86),
(87, 'Daniel Magdalena', 87),
(88, 'Daniel Valentina', 88),
(89, 'Julián Flores', 89),
(90, 'Manuel Nunez', 90),
(91, 'Liam Martinez', 91),
(92, 'Julián Nunez', 92),
(93, 'Mathias Zavala', 93),
(94, 'Gabriel Castillo', 94),
(95, 'Carlos Javier', 95),
(96, 'Maximiliano Morales', 96),
(97, 'Josue Luis', 97),
(98, 'Rafael Barbara', 98),
(99, 'Lukas Hernandez', 99),
(100, 'Damián Rivera', 100),
(101, 'Simón Martina', 101),
(102, 'Javier Matias', 102),
(103, 'Damián Perez', 103),
(104, 'Eduardo Alvarez', 104),
(105, 'Mathias Fernanda', 105),
(106, 'Luis Azizi', 106),
(107, 'Pablo Valenzuela', 107),
(108, 'Alonso Soto', 108),
(109, 'Ignacio Pascal', 109),
(110, 'Elías Zuniga', 110),
(111, 'Máximo Testudines', 111),
(112, 'Leonardo Francisco', 112),
(113, 'Sebastián Herrera', 113),
(114, 'Cristian Gomez', 114),
(115, 'Damián Castro', 115),
(116, 'Salvador Castro', 116),
(117, 'Benjamín Cristobal', 117),
(118, 'Luciano Diaz', 118),
(119, 'Valentín Alonsos', 119),
(120, 'Luis Thiarre', 120),
(121, 'Fernando Castro', 121),
(122, 'Luis Matilde', 122),
(123, 'Gaspar Emilia', 123),
(124, 'Ignacio Fernandez', 124),
(125, 'Franco Maximo', 125),
(126, 'Luis Florencia', 126),
(127, 'Liam Sofia', 127),
(128, 'Andrés Sepulveda', 128),
(129, 'Samuel Monserrat', 129),
(130, 'Thomas Tomas', 130),
(131, 'Agustín Garcia', 131),
(132, 'Isaias Hernandez', 132),
(133, 'Patricio Castro', 133),
(134, 'Jean Florencia', 134),
(135, 'Fernando Barbara', 135),
(136, 'Gonzalo Testudines', 136),
(137, 'Agustín Chichi', 137),
(138, 'Bruno Pia', 138),
(139, 'Joaquín Vasquez', 139),
(140, 'Isaias Rocio', 140),
(141, 'Santiago Luis', 141),
(142, 'Álvaro Vera', 142),
(143, 'Josue Paz', 143),
(144, 'Alex Flores', 144),
(145, 'Diego Maximo', 145),
(146, 'Javier Ramirez', 146),
(147, 'Pablo Daniel', 147),
(148, 'Isaias Morales', 148),
(149, 'Salvador Rocio', 149),
(150, 'Tomás Diem', 150),
(151, 'Nicolás Victoria', 151),
(152, 'Julián Mateo', 152),
(153, 'Facundo Alvarez', 153),
(154, 'Elías Atlas', 154),
(155, 'Elías Sanchez', 155),
(156, 'León Sanchez', 156),
(157, 'Clemente Azizi', 157),
(158, 'Liam Daniel', 158),
(159, 'Fabián Joaquin', 159),
(160, 'Vicente Paula', 160),
(161, 'Ignacio Javier', 161),
(162, 'Héctor Sebastian', 162),
(163, 'Sergio Maximo', 163),
(164, 'Fernando Miranda', 164),
(165, 'Martín Martina', 165),
(166, 'David Mateo', 166),
(167, 'Alfonso Francisco', 167),
(168, 'Mariano Francisco', 168),
(169, 'Fabián Herrera', 169),
(170, 'Benjamín Perez', 170),
(171, 'Claudio Mateo', 171),
(172, 'Samuel Barbara', 172),
(173, 'Fabián Julieta', 173),
(174, 'Valentín Chichi', 174),
(175, 'Amaro Francisco', 175),
(176, 'Máximo Munoz', 176),
(177, 'Alex Martinez', 177),
(178, 'Ricardo Sanchez', 178),
(179, 'Guillermo Jose', 179),
(180, 'Emilio Zuniga', 180),
(181, 'Maximiliano Garcia', 181),
(182, 'Jean Gomez', 182),
(183, 'Eduardo Morales', 183),
(184, 'Manuel Paz', 184),
(185, 'Máximo Gabriela', 185),
(186, 'Alejandro Munoz', 186),
(187, 'Carlos Camila', 187),
(188, 'Fernando Vasquez', 188),
(189, 'Josue Catalina', 189),
(190, 'Claudio Bastian', 190),
(191, 'Nicolás Tomas', 191),
(192, 'Sergio Paz', 192),
(193, 'Arturo Francisco', 193),
(194, 'Alex Cortes', 194),
(195, 'Simón Carrasco', 195),
(196, 'Javier Testudines', 196),
(197, 'Patricio Matias', 197),
(198, 'Jesús Diem', 198),
(199, 'Nicolás Sepulveda', 199),
(200, 'Pablo Gonzalez', 200),
(201, 'Manuel Pia', 201),
(202, 'Juan Vasquez', 202),
(203, 'Fabián Gabriela', 203),
(204, 'Facundo Silva', 204),
(205, 'Gabriel Gonzalez', 205),
(206, 'Sebastián Monserrat', 206),
(207, 'Alexander Soto', 207),
(208, 'Gustavo Reyes', 208),
(209, 'Emilio Reyes', 209),
(210, 'Alexander Daniel', 210),
(211, 'Luis Juan', 211),
(212, 'Héctor Florencia', 212),
(213, 'Gaspar Trinidad', 213),
(214, 'Gabriel Vargas', 214),
(215, 'Isaac Figueroa', 215),
(216, 'Alexander Trinidad', 216),
(217, 'Máximo Ramirez', 217),
(218, 'Felipe Diego', 218),
(219, 'Fernando Magdalena', 219),
(220, 'Maximiliano Bravo', 220),
(221, 'Thomas Alonsos', 221),
(222, 'Facundo Valentina', 222),
(223, 'Alejandro Bentlee', 223),
(224, 'Oscar Gonzalez', 224),
(225, 'Francisco Felipe', 225),
(226, 'Thomas Nunez', 226),
(227, 'Alex Figueroa', 227),
(228, 'Gabriel Carla', 228),
(229, 'Rodrigo Juan', 229),
(230, 'Dante Emilia', 230),
(231, 'Isaac Perez', 231),
(232, 'Ricardo Bastian', 232),
(233, 'Amaro Atlas', 233),
(234, 'Simón Castillo', 234),
(235, 'Lukas Carla', 235),
(236, 'Sebastián Fernanda', 236),
(237, 'Nicolás Bravo', 237),
(238, 'Fabián Isabella', 238),
(239, 'Máximo Isabella', 239),
(240, 'Joaquín Pascal', 240),
(241, 'Alonso Fernanda', 241),
(242, 'Liam Soto', 242),
(243, 'Pedro Julieta', 243),
(244, 'Víctor Zuniga', 244),
(245, 'Angel Isabella', 245),
(246, 'Vicente Julieta', 246),
(247, 'Ricardo Zavala', 247),
(248, 'Alonso Fuentes', 248),
(249, 'Salvador Lopez', 249),
(250, 'Felipe Diego', 250),
(251, 'Guillermo Araya', 251),
(252, 'Alfonso Emilia', 252),
(253, 'Valentín Contreras', 253),
(254, 'Alan Soto', 254),
(255, 'Esteban Testudines', 255),
(256, 'Samuel Gonzalez', 256),
(257, 'Aaron Carolina', 257),
(258, 'Daniel Ignacio', 258),
(259, 'Tomás Augustin', 259),
(260, 'Franco Hernandez', 260),
(261, 'Alfonso Zuniga', 261),
(262, 'Alexander Soto', 262),
(263, 'Isaac Contreras', 263),
(264, 'Maximiliano Rojas', 264),
(265, 'Isaac Diem', 265),
(266, 'Héctor Cristobal', 266),
(267, 'Daniel Francisco', 267),
(268, 'Claudio Vergara', 268),
(269, 'Rafael Herrera', 269),
(270, 'Clemente Carrasco', 270),
(271, 'Guillermo Vasquez', 271),
(272, 'Fernando Gutierrez', 272),
(273, 'Claudio Ramirez', 273),
(274, 'Simón Paula', 274),
(275, 'León Florencia', 275),
(276, 'Luis Daniel', 276),
(277, 'Antonio Pia', 277),
(278, 'Franco Soto', 278),
(279, 'Felipe Florencia', 279),
(280, 'Pedro Joaquin', 280),
(281, 'Josue Sanchez', 281),
(282, 'Víctor Herrera', 282),
(283, 'Daniel Carrasco', 283),
(284, 'Vicente Perez', 284),
(285, 'Marcelo Testudines', 285),
(286, 'Juan Maximo', 286),
(287, 'Dante Pascal', 287),
(288, 'Sergio Maximo', 288),
(289, 'Samuel Luis', 289),
(290, 'Benjamín Thiarre', 290),
(291, 'Daniel Gabriela', 291),
(292, 'Gonzalo Vargas', 292),
(293, 'Mariano Alexandra', 293),
(294, 'Maximiliano Vasquez', 294),
(295, 'Jesús Ramirez', 295),
(297, 'Simón Sebastian', 297),
(298, 'Joaquín Lopez', 298),
(299, 'Franco Miranda', 299),
(300, 'Máximo Fuentes', 300),
(301, 'Kevin Maximiliano', 301),
(302, 'Antonio Martina', 302),
(303, 'Javier Emilia', 303),
(304, 'Isaias Gabriel', 304),
(305, 'Joaquín Vergara', 305),
(306, 'Alexander Bravo', 306),
(307, 'Miguel Alvarez', 307),
(308, 'Dylan Diego', 308),
(309, 'Pablo Laura', 309),
(310, 'Jorge Matias', 310),
(311, 'Emiliano Valenzuela', 311),
(312, 'Rafael Maximiliano', 312),
(313, 'Mathias Cortes', 313),
(314, 'Renato Javier', 314),
(315, 'Joaquín Martin', 315),
(316, 'Santiago Javier', 316),
(317, 'Esteban Castro', 317),
(318, 'Aaron Valenzuela', 318),
(319, 'Julián Fernandez', 319),
(320, 'Martín Matias', 320),
(321, 'Gustavo Diaz', 321),
(322, 'Kevin Torres', 322),
(323, 'Claudio Chichi', 323),
(324, 'David Herrera', 324),
(325, 'Camilo Juan', 325),
(326, 'Javier Tapia', 326),
(327, 'Fabián Victoria', 327),
(328, 'Damián Gabriela', 328),
(329, 'Gustavo Monserrat', 329),
(330, 'Alejandro Augustin', 330),
(331, 'David Laura', 331),
(332, 'Ricardo Sanchez', 332),
(333, 'Víctor Reyes', 333),
(334, 'Arturo Gonzalez', 334),
(335, 'Santiago Morales', 335),
(336, 'Simón Diaz', 336),
(337, 'Jean Maria', 337),
(338, 'Emilio Monserrat', 338),
(339, 'Damián Atlas', 339),
(340, 'Alexander Benjamin', 340),
(341, 'Alexander Victoria', 341),
(342, 'Máximo Atlas', 342),
(343, 'Oscar Vega', 343),
(344, 'Isaias Matias', 344),
(345, 'Mateo Vasquez', 345),
(346, 'Gabriel Testudines', 346),
(347, 'Sebastián Emilia', 347),
(348, 'Alison Rocio', 2),
(349, 'Abigail Ramirez', 3),
(350, 'Renata Bentlee', 4),
(351, 'Francisca Jara', 5),
(352, 'Aylin Matilde', 6),
(353, 'Josefa Camila', 7),
(354, 'Isabella Daniel', 8),
(355, 'Ema Jose', 9),
(356, 'Dominga Renato', 10),
(357, 'Matilda Isabella', 11),
(358, 'Leonor Julieta', 12),
(359, 'Eloísa Alexandra', 13),
(360, 'Isidora Herrera', 14),
(361, 'Gabriela Torres', 15),
(362, 'Celeste Paula', 16),
(363, 'Trinidad Figueroa', 17),
(364, 'Leonor Rivera', 18),
(365, 'Danae Silva', 19),
(366, 'Catalina Cortes', 20),
(367, 'Matilda Cristobal', 21),
(368, 'Amelia Maria', 22),
(369, 'Ashley Martin', 23),
(370, 'Consuelo Diem', 24),
(371, 'María Azizi', 25),
(372, 'Dominique Contreras', 26),
(373, 'Esperanza Ignacio', 27),
(374, 'Amalia Trinidad', 28),
(375, 'Pascale Mateo', 29),
(376, 'Maite Camila', 30),
(377, 'Renata Jose', 31),
(378, 'Elena Luis', 32),
(379, 'Agustina Flores', 33),
(380, 'Leonor Paula', 34),
(381, 'Monserrat Monserrat', 35),
(382, 'Mia Gabriel', 36),
(383, 'Luciana Garcia', 37),
(384, 'Agustina Gutierrez', 38),
(385, 'Catalina Jose', 39),
(386, 'Noelia Francisco', 40),
(387, 'Lucía Ignacio', 41),
(388, 'Isabella Espinoza', 42),
(389, 'Antonia Cortes', 43),
(390, 'Julieta Francisco', 44),
(391, 'Carolina Herrera', 45),
(392, 'Camila Camila', 46),
(393, 'Florencia Vicente', 47),
(394, 'Esperanza Rojas', 48),
(395, 'Sara Carrasco', 49),
(396, 'Aylin Jara', 50),
(397, 'Maite Gutierrez', 51),
(398, 'Elisa Sepulveda', 52),
(399, 'Sofía Castro', 53),
(400, 'Javiera Alvarez', 54),
(401, 'Danae Isabella', 55),
(402, 'Montserrat Rivera', 56),
(403, 'Victoria Alonsos', 57),
(404, 'Esperanza Gomez', 58),
(405, 'Carla Jara', 59),
(406, 'Monserrat Fernanda', 60),
(407, 'Noelia Monserrat', 61),
(408, 'Samantha Jose', 62),
(409, 'Rocío Joaquin', 63),
(410, 'Maite Rodriguez', 64),
(411, 'Emma Thiarre', 65),
(412, 'Paz Torres', 66),
(413, 'Alondra Rocio', 67),
(414, 'Aurora Diaz', 68),
(415, 'Matilde Pascal', 69),
(416, 'Pía Tomas', 70),
(417, 'Magdalena Soto', 71),
(418, 'Leonor Alexandra', 72),
(419, 'Maite Perez', 73),
(420, 'Samantha Ignacio', 74),
(421, 'Lía Gomez', 75),
(422, 'Ema Lopez', 76),
(423, 'Millaray Cristobal', 77),
(424, 'Colomba Vera', 78),
(425, 'Julieta Daniel', 79),
(426, 'Olivia Gabriel', 80),
(427, 'Isidora Soto', 81),
(428, 'Luciana Martin', 82),
(429, 'Mayte Trinidad', 83),
(430, 'Danae Espinoza', 84),
(431, 'María Maximiliano', 85),
(432, 'Agustina Vergara', 86),
(433, 'Bárbara Pia', 87),
(434, 'Constanza Alexandra', 88),
(435, 'Amelia Figueroa', 89),
(436, 'Millaray Fernanda', 90),
(437, 'Fernanda Gonzalez', 91),
(438, 'Aylin Catalina', 92),
(439, 'Carla Chichi', 93),
(440, 'María Gabriel', 94),
(441, 'Angela Rocio', 95),
(442, 'Valentina Azizi', 96),
(443, 'Martina Maria', 97),
(444, 'Génesis Felipe', 98),
(445, 'Belén Gonzalez', 99),
(446, 'Celeste Rodriguez', 100),
(447, 'Dominique Matias', 101),
(448, 'Consuelo Fuentes', 102),
(449, 'Aylin Espinoza', 103),
(450, 'Paula Matilde', 104),
(451, 'Mia Valentina', 105),
(452, 'Paloma Fernandez', 106),
(453, 'Luciana Bravo', 107),
(454, 'Dominga Thiarre', 108),
(455, 'Gabriela Bravo', 109),
(456, 'Danae Nunez', 110),
(457, 'Rafaela Valentina', 111),
(458, 'Emilia Valenzuela', 112),
(459, 'Alison Martin', 113),
(460, 'Magdalena Cristobal', 114),
(461, 'Rafaela Rivera', 115),
(462, 'Carla Gabriela', 116),
(463, 'Elizabeth Barbara', 117),
(464, 'Millaray Fernandez', 118),
(465, 'Montserrat Carla', 119),
(466, 'Agustina Bravo', 120),
(467, 'Amelia Soto', 121),
(468, 'Dominga Valentina', 122),
(469, 'Maite Camila', 123),
(470, 'Isidora Azizi', 124),
(471, 'Carla Morales', 125),
(472, 'Aylin Jose', 126),
(473, 'Victoria Soto', 127),
(474, 'Magdalena Atlas', 128),
(475, 'Javiera Pia', 129),
(476, 'Montserrat Lopez', 130),
(477, 'Emma Vega', 131),
(478, 'Luciana Bentlee', 132),
(479, 'Trinidad Flores', 133),
(480, 'Valentina Laura', 134),
(481, 'Javiera Zuniga', 135),
(482, 'Gabriela Contreras', 136),
(483, 'Josefa Munoz', 137),
(484, 'Montserrat Rocio', 138),
(485, 'Montserrat Carla', 139),
(486, 'Pía Paula', 140),
(487, 'Luciana Castro', 141),
(488, 'Renata Bastian', 142),
(489, 'Ashley Victoria', 143),
(490, 'Elizabeth Diego', 144),
(491, 'Matilda Joaquin', 145),
(492, 'Paloma Castillo', 146),
(493, 'Mia Diem', 147),
(494, 'Pascale Herrera', 148),
(495, 'Valentina Tomas', 149),
(496, 'Lía Figueroa', 150),
(497, 'Ashley Garcia', 151),
(498, 'Rafaela Gutierrez', 152),
(499, 'Isabella Araya', 153),
(500, 'Amalia Herrera', 154),
(501, 'Elena Sofia', 155),
(502, 'Agustina Gabriela', 156),
(503, 'Mia Isabella', 157),
(504, 'Ámbar Renato', 158),
(505, 'Agustina Gonzalez', 159),
(506, 'Magdalena Bentlee', 160),
(507, 'Agustina Camila', 161),
(508, 'Sophia Maximiliano', 162),
(509, 'Amelia Vargas', 163),
(510, 'Alice Magdalena', 164),
(511, 'Amanda Magdalena', 165),
(512, 'Victoria Sofia', 166),
(513, 'Gabriela Zuniga', 167),
(514, 'Matilda Luis', 168),
(515, 'Amy Martinez', 169),
(516, 'Catalina Juan', 170),
(517, 'Victoria Maximiliano', 171),
(518, 'Ámbar Pia', 172),
(519, 'Matilda Fernanda', 173),
(520, 'Maite Benjamin', 174),
(521, 'Génesis Rocio', 175),
(522, 'Antonella Figueroa', 176),
(523, 'Elisa Javier', 177),
(524, 'Constanza Fernandez', 178),
(525, 'Mayra Munoz', 179),
(526, 'Camila Soto', 180),
(527, 'Gabriela Fuentes', 181),
(528, 'Magdalena Sepulveda', 182),
(529, 'Emilia Cristobal', 183),
(530, 'Laura Sebastian', 184),
(531, 'Victoria Silva', 185),
(532, 'Julieta Monserrat', 186),
(533, 'Isidora Araya', 187),
(534, 'Camila Gomez', 188),
(535, 'Amy Vera', 189),
(536, 'Amy Rivera', 190),
(537, 'Isabella Matilde', 191),
(538, 'Alondra Sofia', 192),
(539, 'Valentina Vicente', 193),
(540, 'Noelia Castillo', 194),
(541, 'Celeste Alvarez', 195),
(542, 'Rayén Bravo', 196),
(543, 'Elizabeth Espinoza', 197),
(544, 'Amy Juan', 198),
(545, 'Francisca Mateo', 199),
(546, 'Samantha Fernanda', 200),
(547, 'Elisa Testudines', 201),
(548, 'Magdalena Testudines', 202),
(549, 'Celeste Francisco', 203),
(550, 'Agustina Atlas', 204),
(551, 'Emily Joaquin', 205),
(552, 'Dominique Soto', 206),
(553, 'Maite Matilde', 207),
(554, 'Abigail Vega', 208),
(555, 'Antonia Martin', 209),
(556, 'Lucía Fuentes', 210),
(557, 'Elizabeth Laura', 211),
(558, 'Elizabeth Valenzuela', 212),
(559, 'Victoria Castillo', 213),
(560, 'Lía Vergara', 214),
(561, 'Olivia Monserrat', 215),
(562, 'Elisa Camila', 216),
(563, 'María Emilia', 217),
(564, 'Martina Lopez', 218),
(565, 'Ignacia Silva', 219),
(566, 'Sara Castillo', 220),
(567, 'Matilde Cristobal', 221),
(568, 'Ámbar Victoria', 222),
(569, 'Antonia Rivera', 223),
(570, 'Pascale Sofia', 224),
(571, 'Amparo Daniel', 225),
(572, 'Mariana Juan', 226),
(573, 'Pascal Paz', 227),
(574, 'Noelia Araya', 228),
(575, 'Alondra Maximo', 229),
(576, 'María Pia', 230),
(577, 'Laura Rivera', 231),
(578, 'Belén Rojas', 232),
(579, 'Ashley Trinidad', 233),
(580, 'Daniela Morales', 234),
(581, 'Francisca Herrera', 235),
(582, 'Esperanza Nicolas', 236),
(583, 'Amparo Vergara', 237),
(584, 'Emma Renato', 238),
(585, 'Aurora Catalina', 239),
(586, 'Colomba Maximo', 240),
(587, 'Millaray Vicente', 241),
(588, 'Fernanda Martinez', 242),
(589, 'Paula Pia', 243),
(590, 'Eloísa Diego', 244),
(591, 'Laura Isabella', 245),
(592, 'Luciana Sepulveda', 246),
(593, 'Trinidad Cristobal', 247),
(594, 'Génesis Bentlee', 248),
(595, 'Rayén Victoria', 249),
(596, 'Aylin Valenzuela', 250),
(597, 'Daniela Matias', 251),
(598, 'Montserrat Rivera', 252),
(599, 'Catalina Testudines', 253),
(600, 'Maite Renato', 254),
(601, 'Valentina Carolina', 255),
(602, 'Elizabeth Mateo', 256),
(603, 'Abigail Gabriela', 257),
(604, 'Emilia Testudines', 258),
(605, 'Martina Alonsos', 259),
(606, 'Paz Testudines', 260),
(607, 'Dominga Zavala', 261),
(608, 'Bárbara Rojas', 262),
(609, 'Renata Araya', 263),
(610, 'Lía Gonzalez', 264),
(611, 'Carla Azizi', 265),
(612, 'Gabriela Juan', 266),
(613, 'Rayén Martina', 267),
(614, 'Isabel Cristobal', 268),
(615, 'Angela Torres', 269),
(616, 'Agustina Gabriela', 270),
(617, 'Emilia Maximo', 271),
(618, 'Julieta Magdalena', 272),
(619, 'Sofía Miranda', 273),
(620, 'Dominga Juan', 274),
(621, 'Elizabeth Martinez', 275),
(622, 'Daniela Gabriela', 276),
(623, 'Violeta Miranda', 277),
(624, 'Montserrat Castro', 278),
(625, 'Victoria Alonsos', 279),
(626, 'Montserrat Carrasco', 280),
(627, 'Montserrat Bentlee', 281),
(628, 'Dominga Martina', 282),
(629, 'Gabriela Laura', 283),
(630, 'Génesis Alvarez', 284),
(631, 'Danae Silva', 285),
(632, 'Olivia Isabella', 286),
(633, 'Luna Rocio', 287),
(634, 'Agustina Ignacio', 288),
(635, 'Bárbara Juan', 289),
(636, 'Maite Bastian', 290),
(637, 'Julieta Maximiliano', 291),
(638, 'Elisa Rodriguez', 292),
(639, 'Isabel Vasquez', 293),
(640, 'Elizabeth Reyes', 294),
(641, 'Carolina Emilia', 295),
(643, 'Isabel Valentina', 297),
(644, 'Pascal Vega', 298),
(645, 'Ignacia Paz', 299),
(646, 'Elena Lopez', 300),
(647, 'Sofía Torres', 301),
(648, 'Laura Vergara', 302),
(649, 'Anaís Zuniga', 303),
(650, 'Amanda Morales', 304),
(651, 'Matilde Lopez', 305),
(652, 'Amparo Luis', 306),
(653, 'Olivia Renato', 307),
(654, 'Celeste Martin', 308),
(655, 'Luna Victoria', 309),
(656, 'Isabel Lopez', 310),
(657, 'Anaís Victoria', 311),
(658, 'Amanda Matias', 312),
(659, 'Violeta Carolina', 313),
(660, 'Emily Matias', 314),
(661, 'Rocío Luis', 315),
(662, 'Lucía Luis', 316),
(663, 'Génesis Monserrat', 317),
(664, 'Pía Maria', 318),
(665, 'Victoria Testudines', 319),
(666, 'Dominga Alexandra', 320),
(667, 'Olivia Paula', 321),
(668, 'Julieta Maximo', 322),
(669, 'Lía Valentina', 323),
(670, 'Belén Matilde', 324),
(671, 'Trinidad Ignacio', 325),
(672, 'Anaís Maria', 326),
(673, 'Emily Bastian', 327),
(674, 'Constanza Carrasco', 328),
(675, 'Sara Thiarre', 329),
(676, 'Alison Camila', 330),
(677, 'Noelia Florencia', 331),
(678, 'Anaís Felipe', 332),
(679, 'Ignacia Julieta', 333),
(680, 'Martina Vega', 334),
(681, 'Alice Isabella', 335),
(682, 'Isidora Testudines', 336),
(683, 'Celeste Joaquin', 337),
(684, 'Elizabeth Vera', 338),
(685, 'Mayra Ramirez', 339),
(686, 'Magdalena Joaquin', 340),
(687, 'Aurora Araya', 341),
(688, 'Renata Contreras', 342),
(689, 'Elizabeth Soto', 343),
(690, 'Lía Gonzalez', 344),
(691, 'Matilda Pascal', 345),
(692, 'Florencia Garcia', 346),
(693, 'Pía Perez', 347);
-- --------------------------------------------------------


--
-- Estructura de tabla para la tabla `votos`
--

CREATE TABLE `votos` (
  `idUsuario` int NOT NULL,
  `nombre` varchar(250) CHARACTER SET utf8mb4 COLLATE utf8mb4_spanish_ci NOT NULL,
  `alias` varchar(50) CHARACTER SET utf8mb4 COLLATE utf8mb4_spanish_ci DEFAULT NULL,
  `rut` varchar(10) CHARACTER SET utf8mb4 COLLATE utf8mb4_spanish_ci NOT NULL,
  `email` varchar(100) CHARACTER SET utf8mb4 COLLATE utf8mb4_spanish_ci NOT NULL,
  `idRegion` int NOT NULL,
  `idComuna` int NOT NULL,
  `idCandidato` int DEFAULT NULL,
  `nosotros` varchar(50) CHARACTER SET utf8mb4 COLLATE utf8mb4_spanish_ci NOT NULL
) ENGINE=InnoDB DEFAULT CHARSET=utf8mb4 COLLATE=utf8mb4_spanish_ci;

--
-- Índices para tablas volcadas
--

--
-- Indices de la tabla `candidato`
--
ALTER TABLE `candidato`
  ADD PRIMARY KEY (`idCandidato`),
  ADD KEY `idComuna` (`idComuna`);

--
-- Indices de la tabla `comunas`
--
ALTER TABLE `comunas`
  ADD PRIMARY KEY (`idComunas`),
  ADD KEY `idRegion` (`idRegion`);

--
-- Indices de la tabla `regiones`
--
ALTER TABLE `regiones`
  ADD PRIMARY KEY (`idRegion`);

--
-- Indices de la tabla `votos`
--
ALTER TABLE `votos`
  ADD PRIMARY KEY (`idUsuario`),
  ADD KEY `idCandidato` (`idCandidato`),
  ADD KEY `idRegion` (`idRegion`),
  ADD KEY `idComuna` (`idComuna`);

--
-- AUTO_INCREMENT de las tablas volcadas
--

--
-- AUTO_INCREMENT de la tabla `votos`
--
ALTER TABLE `votos`
  MODIFY `idUsuario` int NOT NULL AUTO_INCREMENT, AUTO_INCREMENT=54;

--
-- Restricciones para tablas volcadas
--

--
-- Filtros para la tabla `candidato`
--
ALTER TABLE `candidato`
  ADD CONSTRAINT `candidato_ibfk_1` FOREIGN KEY (`idComuna`) REFERENCES `comunas` (`idComunas`);

--
-- Filtros para la tabla `comunas`
--
ALTER TABLE `comunas`
  ADD CONSTRAINT `comunas_ibfk_1` FOREIGN KEY (`idRegion`) REFERENCES `regiones` (`idRegion`);

--
-- Filtros para la tabla `votos`
--
ALTER TABLE `votos`
  ADD CONSTRAINT `votos_ibfk_1` FOREIGN KEY (`idCandidato`) REFERENCES `candidato` (`idCandidato`),
  ADD CONSTRAINT `votos_ibfk_2` FOREIGN KEY (`idRegion`) REFERENCES `regiones` (`idRegion`),
  ADD CONSTRAINT `votos_ibfk_3` FOREIGN KEY (`idComuna`) REFERENCES `comunas` (`idComunas`);
COMMIT;

/*!40101 SET CHARACTER_SET_CLIENT=@OLD_CHARACTER_SET_CLIENT */;
/*!40101 SET CHARACTER_SET_RESULTS=@OLD_CHARACTER_SET_RESULTS */;
/*!40101 SET COLLATION_CONNECTION=@OLD_COLLATION_CONNECTION */;
